{"loss": [4.016330517705608, 3.562088123144995, 3.0398109903714428, 2.7167548370348995, 2.51768332273086, 2.378719771838277, 2.2671906401442814, 2.157378364220354, 2.0578733901841044, 1.9724161723116778, 1.8968332227613132, 1.8165023830352067, 1.7389074700783125, 1.645440598143472, 1.564483554041594, 1.4705643331133726, 1.3801177508760156, 1.281150847510892, 1.1871748881076596, 1.0858484181430077, 0.9937431845189508, 0.8880920340347909, 0.8013197889645188, 0.7276530899395728, 0.6603714500562959, 0.6093626474647711, 0.5451726406148438, 0.5210372555457408, 0.4693769159303886, 0.4482822253486854, 0.4141042278408863, 0.3912634189687034, 0.37307123484164767, 0.3321872098355367, 0.3367541504917562, 0.31872362720406305, 0.29713294588260164, 0.2857857789797139, 0.27636680694191884, 0.2635074690096097, 0.2537461086780683, 0.24286597258970888, 0.2318936675301256, 0.2319756851561898, 0.2233884308948773, 0.2149136758994034, 0.21374033507248108, 0.21226182826948356, 0.19413695135382178, 0.1922807121860409, 0.19307800850231163, 0.18311755782682643, 0.18937306243810575, 0.18357483331207441, 0.17025740045317467, 0.17369602935819606, 0.17397705065829422, 0.1669866605589541, 0.1693235541914346, 0.1614909614839979, 0.1551881462767673, 0.16678887990536526, 0.15913104888467816, 0.14855231918655276, 0.15712677200251216, 0.15188396049074404, 0.14784605649107416, 0.14702977216244462, 0.1485255606900092, 0.14484457754221325, 0.14609826181152855, 0.14195497226409926, 0.13920526621763502, 0.13833978318832948, 0.13942688994743166, 0.13072889194590268, 0.13647137642357876, 0.14190373960498323, 0.13448673682644532, 0.1309420486185171, 0.13795808123024708, 0.13595765397728773, 0.13081970217950953, 0.1255430354398592, 0.13439971589097646, 0.1304714882392277, 0.12624541456287874, 0.11534785449212677, 0.124322377141224, 0.1279690829695934, 0.12506405466259768, 0.1254817191871751, 0.11580121253433305, 0.13050057905924112, 0.11989135333365675, 0.12335446936895306, 0.11933180167173929, 0.12100064346785289, 0.1281896804716955, 0.11551408208350696], "dense_1_loss": [2.0125096361931023, 1.783481834050054, 1.526532772972721, 1.3643633894686726, 1.2660510949672439, 1.1960576198651596, 1.1374793105349184, 1.0817505755037113, 1.0314023274561126, 0.9915513118764206, 0.9538180189367753, 0.9129540095161133, 0.8755877227085107, 0.8270778186856805, 0.7862796888105175, 0.7403235954895359, 0.6917016634981084, 0.6429010817616759, 0.5985176284119509, 0.5478489485293292, 0.5004455281512159, 0.4481979252308947, 0.4066126300432532, 0.36874630503756184, 0.331572497065655, 0.3090644562112469, 0.2733291808842683, 0.2652913755424181, 0.2362268160570681, 0.22596816323332852, 0.208076936223866, 0.19606840337930748, 0.1865612873513456, 0.1677808197634117, 0.17043328985797981, 0.1605233054716831, 0.15097032267760854, 0.14202044452582835, 0.1415355842337661, 0.13110631666740688, 0.12798066811776893, 0.12299228843576236, 0.11580008619271996, 0.11442979088551782, 0.11260416168430896, 0.106979676680051, 0.10555157335946941, 0.1057134083941196, 0.0969329022935841, 0.0950708195323681, 0.09810999534694982, 0.09292248456557947, 0.09611529862376278, 0.09260204204505378, 0.08516029312016718, 0.08624861162472759, 0.0876050336303413, 0.08529517679638482, 0.0858948684060501, 0.07877349897398779, 0.0778714815466082, 0.08388080903031811, 0.07900009161054532, 0.07571979802435715, 0.08115320345011894, 0.07741169041005083, 0.07701874793872784, 0.07197213654791117, 0.07455719808341055, 0.07258021851438409, 0.07525624168519716, 0.07269295878651892, 0.07134207214233676, 0.0685473813657482, 0.0684862832048039, 0.06459274796444409, 0.06817204733444918, 0.07400443376771107, 0.06650880830069293, 0.06707290105261501, 0.0698565095280803, 0.06559313969044414, 0.06613630236082024, 0.06281290154597653, 0.06744561162754485, 0.06548517291208457, 0.06391371972643088, 0.05743538406120015, 0.06188232823237139, 0.06323322105892215, 0.06330744019260981, 0.06447367304221313, 0.05942429153157137, 0.06780254932057087, 0.059794949715528976, 0.061482004387252716, 0.06040578330266795, 0.05868017989260519, 0.06636568742602435, 0.05688937351116463], "dense_2_loss": [2.0038208869394025, 1.778606290145888, 1.5132782158801157, 1.352391447445458, 1.2516322260188895, 1.182662153103721, 1.1297113299588224, 1.0756277875063827, 1.026471063573375, 0.9808648617508684, 0.9430152037101927, 0.9035483723794965, 0.8633197465269882, 0.8183627793845595, 0.7782038652323614, 0.7302407374388289, 0.688416088374894, 0.638249767054549, 0.588657259325693, 0.5379994702072453, 0.49329765720797886, 0.4398941088809828, 0.3947071594717924, 0.35890678527568026, 0.3287989534338086, 0.3002981905241726, 0.27184345978614216, 0.2557458802000139, 0.23315010010931794, 0.22231406205428983, 0.20602729159675495, 0.1951950153408318, 0.18650994737125948, 0.16440639063212703, 0.16632086037510968, 0.1582003215106757, 0.14616262298938146, 0.14376533417286078, 0.13483122286413768, 0.13240115257976606, 0.12576544059853398, 0.11987368400727622, 0.11609358127312792, 0.11754589400945581, 0.11078426936385323, 0.1079339990303196, 0.10818876202642944, 0.106548420027849, 0.09720404909059022, 0.09720989292369173, 0.09496801322152561, 0.09019507319550378, 0.09325776362016355, 0.09097279111109191, 0.08509710725486444, 0.08744741769753613, 0.08637201705877641, 0.08169148375560398, 0.08342868584207527, 0.08271746228517139, 0.07731666484526142, 0.08290807096148445, 0.0801309572698218, 0.07283252128997003, 0.07597356852385563, 0.0744722700078364, 0.07082730875612858, 0.07505763568724379, 0.07396836257349307, 0.07226435913915807, 0.07084202019608289, 0.06926201354110538, 0.06786319406184785, 0.06979240191389705, 0.07094060680388739, 0.06613614388324203, 0.06829932912729374, 0.06789930583532586, 0.0679779285880697, 0.06386914763398993, 0.06810157134928561, 0.07036451461424938, 0.06468339986021146, 0.06273013387091579, 0.06695410427998691, 0.06498631516567717, 0.06233169472555888, 0.057912470423070066, 0.06244004891449358, 0.06473586186711504, 0.06175661437537159, 0.06100804596603817, 0.05637692087976642, 0.06269802943624038, 0.06009640373001708, 0.06187246494272942, 0.05892601821121064, 0.0623204634987164, 0.061823993106155405, 0.058624708606305635],